{"cameraMode":{"drawMode":0,"name":"Shaded","section":"Shading Mode"},"sceneLighting":true,"audioPlay":false,"sceneViewState":{"m_AlwaysRefresh":false,"showFog":true,"showSkybox":true,"showFlares":true,"showImageEffects":true,"showParticleSystems":true,"showVisualEffectGraphs":true,"m_FxEnabled":true},"in2DMode":false,"pivot":{"x":8.777234077453614,"y":-24.495986938476564,"z":808.0008544921875},"rotation":{"x":0.015307629480957985,"y":0.004493527114391327,"z":-0.00009242838132195175,"w":0.9998478293418884},"size":409.00946044921877,"orthographic":false}