{"cameraMode":{"drawMode":0,"name":"Shaded","section":"Shading Mode"},"sceneLighting":false,"audioPlay":false,"sceneViewState":{"m_AlwaysRefresh":false,"showFog":true,"showSkybox":true,"showFlares":true,"showImageEffects":true,"showParticleSystems":true,"showVisualEffectGraphs":true,"m_FxEnabled":true},"in2DMode":false,"pivot":{"x":367.7600402832031,"y":200.76730346679688,"z":269.4889831542969},"rotation":{"x":-0.022507797926664354,"y":-0.02808152139186859,"z":0.0006663602543994784,"w":-0.9993372559547424},"size":351.2224426269531,"orthographic":false}