{"cameraMode":{"drawMode":0,"name":"Shaded","section":"Shading Mode"},"sceneLighting":true,"audioPlay":false,"sceneViewState":{"m_AlwaysRefresh":false,"showFog":true,"showSkybox":true,"showFlares":true,"showImageEffects":true,"showParticleSystems":true,"showVisualEffectGraphs":true,"m_FxEnabled":true},"in2DMode":false,"pivot":{"x":1.389678716659546,"y":1.2854959964752198,"z":-12.406940460205079},"rotation":{"x":0.09012380987405777,"y":-0.03734278678894043,"z":0.003381826914846897,"w":0.9952227473258972},"size":0.7071067690849304,"orthographic":false}